country,year,happiness_score,gdp_per_capita,social_support,healthy_life_expectancy,freedom,generosity,corruption,rank,region
Afghanistan,2015,3.575,0.31982,0.30285,0.30335,0.23414,0.3651,0.09719,153.0,Southern Asia
Afghanistan,2016,3.36,0.38227,0.11037,0.17344,0.1643,0.31268,0.07112,154.0,Southern Asia
Afghanistan,2018,3.632,0.332,0.537,0.255,0.085,0.191,0.036,145.0,
Afghanistan,2019,3.203,0.35,0.517,0.361,0.0,0.158,0.025,154.0,
Albania,2015,4.959,0.87867,0.80434,0.81325,0.35733,0.14272,0.06413,95.0,Central and Eastern Europe
Albania,2016,4.655,0.9553,0.50163,0.73007,0.31866,0.1684,0.05301,109.0,Central and Eastern Europe
Albania,2018,4.586,0.916,0.817,0.79,0.419,0.149,0.032,112.0,
Albania,2019,4.719,0.947,0.848,0.874,0.383,0.178,0.027,107.0,
Algeria,2015,5.605,0.93929,1.07772,0.61766,0.28579,0.07822,0.17383,68.0,Middle East and Northern Africa
Algeria,2016,6.355,1.05266,0.83309,0.61804,0.21006,0.07044,0.16157,38.0,Middle East and Northern Africa
Algeria,2018,5.295,0.979,1.154,0.687,0.077,0.055,0.135,84.0,
Algeria,2019,5.211,1.002,1.16,0.785,0.086,0.073,0.114,88.0,
Angola,2015,4.033,0.75778,0.8604,0.16683,0.10384,0.12344,0.07122,137.0,Sub-Saharan Africa
Angola,2016,3.866,0.84731,0.66366,0.04991,0.00589,0.12071,0.08434,141.0,Sub-Saharan Africa
Angola,2018,3.795,0.73,1.125,0.269,0.0,0.079,0.061,142.0,
Argentina,2015,6.574,1.05351,1.24823,0.78723,0.44974,0.11451,0.08484,30.0,Latin America and Caribbean
Argentina,2016,6.65,1.15137,1.06612,0.69711,0.42284,0.10989,0.07296,26.0,Latin America and Caribbean
Argentina,2018,6.388,1.073,1.468,0.744,0.57,0.062,0.054,29.0,
Argentina,2019,6.086,1.092,1.432,0.881,0.471,0.066,0.05,47.0,
Armenia,2015,4.35,0.76821,0.77711,0.7299,0.19847,0.07855,0.039,127.0,Central and Eastern Europe
Armenia,2016,4.36,0.86086,0.62477,0.64083,0.14037,0.07793,0.03616,121.0,Central and Eastern Europe
Armenia,2018,4.321,0.816,0.99,0.666,0.26,0.077,0.028,129.0,
Armenia,2019,4.559,0.85,1.055,0.815,0.283,0.095,0.064,116.0,
Australia,2015,7.284,1.33358,1.30923,0.93156,0.65124,0.43562,0.35637,10.0,Australia and New Zealand
Australia,2016,7.313,1.44443,1.10476,0.8512,0.56837,0.47407,0.32331,9.0,Australia and New Zealand
Australia,2018,7.272,1.34,1.573,0.91,0.647,0.361,0.302,10.0,
Australia,2019,7.228,1.372,1.548,1.036,0.557,0.332,0.29,11.0,
Austria,2015,7.2,1.33723,1.29704,0.89042,0.62433,0.33088,0.18676,13.0,Western Europe
Austria,2016,7.119,1.45038,1.08383,0.80565,0.54355,0.32865,0.21348,12.0,Western Europe
Austria,2018,7.139,1.341,1.504,0.891,0.617,0.242,0.224,12.0,
Austria,2019,7.246,1.376,1.475,1.016,0.532,0.244,0.226,10.0,
Azerbaijan,2015,5.212,1.02389,0.93793,0.64045,0.3703,0.07799,0.16065,80.0,Central and Eastern Europe
Azerbaijan,2016,5.291,1.12373,0.76042,0.54504,0.35327,0.0564,0.17914,81.0,Central and Eastern Europe
Azerbaijan,2018,5.201,1.024,1.161,0.603,0.43,0.031,0.176,87.0,
Azerbaijan,2019,5.208,1.043,1.147,0.769,0.351,0.035,0.182,90.0,
Bahrain,2015,5.96,1.32376,1.21624,0.74716,0.45492,0.17362,0.306,49.0,Middle East and Northern Africa
Bahrain,2016,6.218,1.44024,0.94397,0.65696,0.47375,0.17147,0.25772,42.0,Middle East and Northern Africa
Bahrain,2018,6.105,1.338,1.366,0.698,0.594,0.243,0.123,43.0,
Bahrain,2019,6.199,1.362,1.368,0.871,0.536,0.255,0.11,37.0,
Bangladesh,2015,4.694,0.39753,0.43106,0.60164,0.4082,0.21222,0.12569,109.0,Southern Asia
Bangladesh,2016,4.643,0.54177,0.24749,0.52989,0.39778,0.19132,0.12583,110.0,Southern Asia
Bangladesh,2018,4.5,0.532,0.85,0.579,0.58,0.153,0.144,115.0,
Bangladesh,2019,4.456,0.562,0.928,0.723,0.527,0.166,0.143,125.0,
Belarus,2015,5.813,1.03192,1.23289,0.73608,0.37938,0.11046,0.1909,59.0,Central and Eastern Europe
Belarus,2016,5.802,1.13062,1.04993,0.63104,0.29091,0.13942,0.17457,61.0,Central and Eastern Europe
Belarus,2018,5.483,1.039,1.498,0.7,0.307,0.101,0.154,73.0,
Belarus,2019,5.323,1.067,1.465,0.789,0.235,0.094,0.142,81.0,
Belgium,2015,6.937,1.30782,1.28566,0.89667,0.5845,0.2225,0.2254,19.0,Western Europe
Belgium,2016,6.929,1.42539,1.05249,0.81959,0.51354,0.2424,0.26248,18.0,Western Europe
Belgium,2018,6.927,1.324,1.483,0.894,0.583,0.188,0.24,16.0,
Belgium,2019,6.923,1.356,1.504,0.986,0.473,0.16,0.21,18.0,
Belize,2016,5.956,0.87616,0.68655,0.45569,0.51231,0.23684,0.10771,52.0,Latin America and Caribbean
Belize,2018,5.956,0.807,1.101,0.474,0.593,0.183,0.089,49.0,
Benin,2015,3.34,0.28665,0.35386,0.3191,0.4845,0.1826,0.0801,155.0,Sub-Saharan Africa
Benin,2016,3.484,0.39499,0.10419,0.21028,0.39747,0.2018,0.06681,153.0,Sub-Saharan Africa
Benin,2018,4.141,0.378,0.372,0.24,0.44,0.163,0.067,136.0,
Benin,2019,4.883,0.393,0.437,0.397,0.349,0.175,0.082,102.0,
Bhutan,2015,5.253,0.77042,1.10395,0.57407,0.53206,0.47998,0.15445,79.0,Southern Asia
Bhutan,2016,5.196,0.8527,0.90836,0.49759,0.46074,0.48546,0.1616,84.0,Southern Asia
Bhutan,2018,5.082,0.796,1.335,0.527,0.541,0.364,0.171,97.0,
Bhutan,2019,5.082,0.813,1.321,0.604,0.457,0.37,0.167,95.0,
Bolivia,2015,5.89,0.68133,0.97841,0.5392,0.57414,0.20536,0.088,51.0,Latin America and Caribbean
Bolivia,2016,5.822,0.79422,0.83779,0.4697,0.50961,0.21698,0.07746,59.0,Latin America and Caribbean
Bolivia,2018,5.752,0.751,1.223,0.508,0.606,0.141,0.054,62.0,
Bolivia,2019,5.779,0.776,1.209,0.706,0.511,0.137,0.064,61.0,
Bosnia and Herzegovina,2015,4.949,0.83223,0.91916,0.79081,0.09245,0.24808,0.00227,96.0,Central and Eastern Europe
Bosnia and Herzegovina,2016,5.163,0.93383,0.64367,0.70766,0.09511,0.29889,0.0,87.0,Central and Eastern Europe
Bosnia and Herzegovina,2018,5.129,0.915,1.078,0.758,0.28,0.216,0.0,93.0,
Bosnia and Herzegovina,2019,5.386,0.945,1.212,0.845,0.212,0.263,0.006,78.0,
Botswana,2015,4.332,0.99355,1.10464,0.04776,0.49495,0.10461,0.12474,128.0,Sub-Saharan Africa
Botswana,2016,3.974,1.09426,0.89186,0.34752,0.44089,0.12425,0.10769,137.0,Sub-Saharan Africa
Botswana,2018,3.59,1.017,1.174,0.417,0.557,0.042,0.092,146.0,
Botswana,2019,3.488,1.041,1.145,0.538,0.455,0.025,0.1,148.0,
Brazil,2015,6.983,0.98124,1.23287,0.69702,0.49049,0.14574,0.17521,16.0,Latin America and Caribbean
Brazil,2016,6.952,1.08754,1.03938,0.61415,0.40425,0.15776,0.14166,17.0,Latin America and Caribbean
Brazil,2018,6.419,0.986,1.474,0.675,0.493,0.11,0.088,28.0,
Brazil,2019,6.3,1.004,1.439,0.802,0.39,0.099,0.086,32.0,
Bulgaria,2015,4.218,1.01216,1.10614,0.76649,0.30587,0.11921,0.00872,134.0,Central and Eastern Europe
Bulgaria,2016,4.217,1.11306,0.92542,0.67806,0.21219,0.12793,0.00615,129.0,Central and Eastern Europe
Bulgaria,2018,4.933,1.054,1.515,0.712,0.359,0.064,0.009,100.0,
Bulgaria,2019,5.011,1.092,1.513,0.815,0.311,0.081,0.004,97.0,
Burkina Faso,2015,3.587,0.25812,0.85188,0.27125,0.39493,0.21747,0.12832,152.0,Sub-Saharan Africa
Burkina Faso,2016,3.739,0.31995,0.63054,0.21297,0.3337,0.24353,0.12533,145.0,Sub-Saharan Africa
Burkina Faso,2018,4.424,0.314,1.097,0.254,0.312,0.175,0.128,121.0,
Burkina Faso,2019,4.587,0.331,1.056,0.38,0.255,0.177,0.113,115.0,
Burundi,2015,2.905,0.0153,0.41587,0.22396,0.1185,0.19727,0.10062,157.0,Sub-Saharan Africa
Burundi,2016,2.905,0.06831,0.23442,0.15747,0.0432,0.2029,0.09419,157.0,Sub-Saharan Africa
Burundi,2018,2.905,0.091,0.627,0.145,0.065,0.149,0.076,156.0,
Burundi,2019,3.775,0.046,0.447,0.38,0.22,0.176,0.18,145.0,
Cambodia,2015,3.819,0.46038,0.62736,0.61114,0.66246,0.40359,0.07247,145.0,Southeastern Asia
Cambodia,2016,3.907,0.55604,0.5375,0.42494,0.58852,0.40339,0.08092,140.0,Southeastern Asia
Cambodia,2018,4.433,0.549,1.088,0.457,0.696,0.256,0.065,120.0,
Cambodia,2019,4.7,0.574,1.122,0.637,0.609,0.232,0.062,109.0,
Cameroon,2015,4.252,0.4225,0.88767,0.23402,0.49309,0.20618,0.05786,133.0,Sub-Saharan Africa
Cameroon,2016,4.513,0.52497,0.62542,0.12698,0.42736,0.2268,0.06126,114.0,Sub-Saharan Africa
Cameroon,2018,4.975,0.535,0.891,0.182,0.454,0.183,0.043,99.0,
Cameroon,2019,5.044,0.549,0.91,0.331,0.381,0.187,0.037,96.0,
Canada,2015,7.427,1.32629,1.32261,0.90563,0.63297,0.45811,0.32957,5.0,North America
Canada,2016,7.404,1.44015,1.0961,0.8276,0.5737,0.44834,0.31329,6.0,North America
Canada,2018,7.328,1.33,1.532,0.896,0.653,0.321,0.291,7.0,
Canada,2019,7.278,1.365,1.505,1.039,0.584,0.285,0.308,9.0,
Central African Republic,2015,3.678,0.0785,0.0,0.06699,0.48879,0.23835,0.08289,148.0,Sub-Saharan Africa
Central African Republic,2018,3.083,0.024,0.0,0.01,0.305,0.218,0.038,155.0,
Central African Republic,2019,3.083,0.026,0.0,0.105,0.225,0.235,0.035,155.0,
Chad,2015,3.667,0.34193,0.76062,0.1501,0.23501,0.18386,0.05269,149.0,Sub-Saharan Africa
Chad,2016,3.763,0.42214,0.63178,0.03824,0.12807,0.18667,0.04952,144.0,Sub-Saharan Africa
Chad,2018,4.301,0.358,0.907,0.053,0.189,0.181,0.06,131.0,
Chad,2019,4.35,0.35,0.766,0.192,0.174,0.198,0.078,132.0,
Chile,2015,6.67,1.10715,1.12447,0.85857,0.44132,0.33363,0.12869,27.0,Latin America and Caribbean
Chile,2016,6.705,1.2167,0.90587,0.81883,0.37789,0.31595,0.11451,24.0,Latin America and Caribbean
Chile,2018,6.476,1.131,1.331,0.808,0.431,0.197,0.061,25.0,
Chile,2019,6.444,1.159,1.369,0.92,0.357,0.187,0.056,26.0,
China,2015,5.14,0.89012,0.94675,0.81658,0.51697,0.08185,0.02781,84.0,Eastern Asia
China,2016,5.245,1.0278,0.79381,0.73561,0.44012,0.04959,0.02745,83.0,Eastern Asia
China,2018,5.246,0.989,1.142,0.799,0.597,0.029,0.103,86.0,
China,2019,5.191,1.029,1.125,0.893,0.521,0.058,0.1,93.0,
Colombia,2015,6.477,0.91861,1.24018,0.69077,0.53466,0.18401,0.0512,33.0,Latin America and Caribbean
Colombia,2016,6.481,1.03032,1.02169,0.59659,0.44735,0.15626,0.05399,31.0,Latin America and Caribbean
Colombia,2018,6.26,0.96,1.439,0.635,0.531,0.099,0.039,37.0,
Colombia,2019,6.125,0.985,1.41,0.841,0.47,0.099,0.034,43.0,
Comoros,2015,3.956,0.23906,0.79273,0.36315,0.22917,0.17441,0.199,140.0,Sub-Saharan Africa
Comoros,2016,3.956,0.27509,0.60323,0.29981,0.15412,0.1827,0.18437,138.0,Sub-Saharan Africa
Comoros,2019,3.973,0.274,0.757,0.505,0.142,0.275,0.078,142.0,
Congo,2015,3.989,0.67866,0.6629,0.31051,0.41466,0.12388,0.11686,139.0,Sub-Saharan Africa
Congo,2016,4.236,0.77109,0.47799,0.28212,0.37938,0.12077,0.09753,127.0,Sub-Saharan Africa
Congo,2018,4.559,0.682,0.811,0.343,0.514,0.091,0.077,114.0,
Congo,2019,4.812,0.673,0.799,0.508,0.372,0.105,0.093,103.0,
Congo (Democratic Republic),2015,4.517,0.0,1.0012,0.09806,0.22605,0.24834,0.07625,120.0,Sub-Saharan Africa
Congo (Democratic Republic),2016,4.272,0.05661,0.80676,0.188,0.15602,0.25458,0.06075,125.0,Sub-Saharan Africa
Congo (Democratic Republic),2018,4.245,0.069,1.136,0.204,0.312,0.197,0.052,132.0,
Congo (Democratic Republic),2019,4.418,0.094,1.125,0.357,0.269,0.212,0.053,127.0,
Costa Rica,2015,7.226,0.95578,1.23788,0.86027,0.63376,0.25497,0.10583,12.0,Latin America and Caribbean
Costa Rica,2016,7.087,1.06879,1.02152,0.76146,0.55225,0.22553,0.10547,14.0,Latin America and Caribbean
Costa Rica,2018,7.072,1.01,1.459,0.817,0.632,0.143,0.101,13.0,
Costa Rica,2019,7.167,1.034,1.441,0.963,0.558,0.144,0.093,12.0,
Croatia,2015,5.759,1.08254,0.79624,0.78805,0.25883,0.05444,0.0243,62.0,Central and Eastern Europe
Croatia,2016,5.488,1.18649,0.60809,0.70524,0.23907,0.18434,0.04002,74.0,Central and Eastern Europe
Croatia,2018,5.321,1.115,1.161,0.737,0.38,0.12,0.039,82.0,
Croatia,2019,5.432,1.155,1.266,0.914,0.296,0.119,0.022,75.0,
Cyprus,2015,5.689,1.20813,0.89318,0.92356,0.40672,0.30638,0.06146,67.0,Western Europe
Cyprus,2016,5.546,1.31857,0.70697,0.8488,0.29507,0.27906,0.05228,69.0,Western Europe
Cyprus,2018,5.762,1.229,1.191,0.909,0.423,0.202,0.035,61.0,
Cyprus,2019,6.046,1.263,1.223,1.042,0.406,0.19,0.041,49.0,
Czechia,2015,6.505,1.17898,1.20643,0.84483,0.46364,0.10686,0.02652,31.0,Central and Eastern Europe
Czechia,2016,6.596,1.30915,1.00793,0.76376,0.41418,0.09929,0.03986,27.0,Central and Eastern Europe
Czechia,2018,6.711,1.233,1.489,0.854,0.543,0.064,0.034,21.0,
Czechia,2019,6.852,1.269,1.487,0.92,0.457,0.046,0.036,20.0,
Denmark,2016,7.526,1.44178,1.16374,0.79504,0.57941,0.36171,0.44453,1.0,Western Europe
Denmark,2018,7.555,1.351,1.59,0.868,0.683,0.284,0.408,3.0,
Denmark,2019,7.6,1.383,1.573,0.996,0.592,0.252,0.41,2.0,
Djibouti,2015,4.369,0.44025,0.59207,0.36291,0.46074,0.18093,0.28105,126.0,Sub-Saharan Africa
Dominican Republic,2015,4.885,0.89537,1.17202,0.66825,0.57672,0.21684,0.14234,98.0,Latin America and Caribbean
Dominican Republic,2016,5.155,1.02787,0.99496,0.57669,0.52259,0.21286,0.12372,89.0,Latin America and Caribbean
Dominican Republic,2018,5.302,0.982,1.441,0.614,0.578,0.12,0.106,83.0,
Dominican Republic,2019,5.425,1.015,1.401,0.779,0.497,0.113,0.101,77.0,
Ecuador,2015,5.975,0.86402,0.99903,0.79075,0.48574,0.11541,0.1809,48.0,Latin America and Caribbean
Ecuador,2016,5.976,0.97306,0.85974,0.68613,0.4027,0.10074,0.18037,51.0,Latin America and Caribbean
Ecuador,2018,5.973,0.889,1.33,0.736,0.556,0.114,0.12,48.0,
Ecuador,2019,6.028,0.912,1.312,0.868,0.498,0.126,0.087,50.0,
Egypt,2015,4.194,0.8818,0.747,0.61712,0.17288,0.11291,0.06324,135.0,Middle East and Northern Africa
Egypt,2016,4.362,0.95395,0.49813,0.52116,0.18847,0.12706,0.10393,120.0,Middle East and Northern Africa
Egypt,2018,4.419,0.885,1.025,0.553,0.312,0.092,0.107,122.0,
Egypt,2019,4.166,0.913,1.039,0.644,0.241,0.076,0.067,137.0,
El Salvador,2015,6.13,0.76454,1.02507,0.67737,0.4035,0.10692,0.11776,42.0,Latin America and Caribbean
El Salvador,2016,6.068,0.8737,0.80975,0.596,0.37269,0.08877,0.10613,46.0,Latin America and Caribbean
El Salvador,2018,6.167,0.806,1.231,0.639,0.461,0.065,0.082,40.0,
El Salvador,2019,6.253,0.794,1.242,0.789,0.43,0.093,0.074,35.0,
Estonia,2015,5.429,1.15174,1.22791,0.77361,0.44888,0.0868,0.15184,73.0,Central and Eastern Europe
Estonia,2016,5.517,1.27964,1.05163,0.68098,0.41511,0.08423,0.18519,72.0,Central and Eastern Europe
Estonia,2018,5.739,1.2,1.532,0.737,0.553,0.086,0.174,63.0,
Estonia,2019,5.893,1.237,1.528,0.874,0.495,0.103,0.161,55.0,
Eswatini,2015,4.867,0.71206,1.07284,0.07566,0.30658,0.18259,0.0306,101.0,Sub-Saharan Africa
Eswatini,2019,4.212,0.811,1.149,0.0,0.313,0.074,0.135,135.0,
Ethiopia,2015,4.512,0.19073,0.60406,0.44055,0.4345,0.24325,0.15048,122.0,Sub-Saharan Africa
Ethiopia,2016,4.508,0.29283,0.37932,0.34578,0.36703,0.29522,0.1717,115.0,Sub-Saharan Africa
Ethiopia,2018,4.35,0.308,0.95,0.391,0.452,0.22,0.146,127.0,
Ethiopia,2019,4.286,0.336,1.033,0.532,0.344,0.209,0.1,134.0,
Finland,2015,7.406,1.29025,1.31826,0.88911,0.64169,0.23351,0.41372,6.0,Western Europe
Finland,2016,7.413,1.40598,1.13464,0.81091,0.57104,0.25492,0.41004,5.0,Western Europe
Finland,2018,7.632,1.305,1.592,0.874,0.681,0.202,0.393,1.0,
Finland,2019,7.769,1.34,1.587,0.986,0.596,0.153,0.393,1.0,
France,2015,6.575,1.27778,1.26038,0.94579,0.55011,0.12332,0.20646,29.0,Western Europe
France,2016,6.478,1.39488,1.00508,0.83795,0.46562,0.1216,0.17808,32.0,Western Europe
France,2018,6.489,1.293,1.466,0.908,0.52,0.098,0.176,23.0,
France,2019,6.592,1.324,1.472,1.045,0.436,0.111,0.183,24.0,
Gabon,2015,3.896,1.06024,0.90528,0.43372,0.31914,0.06822,0.11091,143.0,Sub-Saharan Africa
Gabon,2016,4.121,1.15851,0.72368,0.3494,0.28098,0.06244,0.09314,134.0,Sub-Saharan Africa
Gabon,2018,4.758,1.036,1.164,0.404,0.356,0.032,0.052,103.0,
Gabon,2019,4.799,1.057,1.183,0.571,0.295,0.043,0.055,104.0,
Gambia,2019,4.516,0.308,0.939,0.428,0.382,0.269,0.167,120.0,
Georgia,2015,4.297,0.7419,0.38562,0.72926,0.40577,0.05547,0.38331,130.0,Central and Eastern Europe
Georgia,2016,4.252,0.83792,0.19249,0.64035,0.32461,0.06786,0.3188,126.0,Central and Eastern Europe
Georgia,2018,4.34,0.853,0.592,0.643,0.375,0.038,0.215,128.0,
Georgia,2019,4.519,0.886,0.666,0.752,0.346,0.043,0.164,119.0,
Germany,2015,6.75,1.32792,1.29937,0.89186,0.61477,0.28214,0.21843,26.0,Western Europe
Germany,2016,6.994,1.44787,1.09774,0.81487,0.53466,0.30452,0.28551,16.0,Western Europe
Germany,2018,6.965,1.34,1.474,0.861,0.586,0.273,0.28,15.0,
Germany,2019,6.985,1.373,1.454,0.987,0.495,0.261,0.265,17.0,
Ghana,2015,4.633,0.54558,0.67954,0.40132,0.42342,0.23087,0.04355,114.0,Sub-Saharan Africa
Ghana,2016,4.276,0.63107,0.49353,0.29681,0.40973,0.21203,0.0326,124.0,Sub-Saharan Africa
Ghana,2018,4.657,0.592,0.896,0.337,0.499,0.212,0.029,108.0,
Ghana,2019,4.996,0.611,0.868,0.486,0.381,0.245,0.04,98.0,
Greece,2015,4.857,1.15406,0.92933,0.88213,0.07699,0.0,0.01397,102.0,Western Europe
Greece,2016,5.033,1.24886,0.75473,0.80029,0.05822,0.0,0.04127,99.0,Western Europe
Greece,2018,5.358,1.154,1.202,0.879,0.131,0.0,0.044,79.0,
Greece,2019,5.287,1.181,1.156,0.999,0.067,0.0,0.034,82.0,
Guatemala,2015,6.123,0.74553,1.04356,0.64425,0.57733,0.27489,0.09472,43.0,Latin America and Caribbean
Guatemala,2016,6.324,0.83454,0.87119,0.54039,0.50379,0.28808,0.08701,39.0,Latin America and Caribbean
Guatemala,2018,6.382,0.781,1.268,0.608,0.604,0.179,0.071,30.0,
Guatemala,2019,6.436,0.8,1.269,0.746,0.535,0.175,0.078,27.0,
Guinea,2015,3.656,0.17417,0.46475,0.24009,0.37725,0.28657,0.12139,150.0,Sub-Saharan Africa
Guinea,2016,3.607,0.22415,0.3109,0.18829,0.30953,0.29914,0.1192,151.0,Sub-Saharan Africa
Guinea,2018,3.964,0.344,0.792,0.211,0.394,0.185,0.094,140.0,
Guinea,2019,4.534,0.38,0.829,0.375,0.332,0.207,0.086,118.0,
Haiti,2015,4.518,0.26673,0.74302,0.38847,0.24425,0.46187,0.17175,119.0,Latin America and Caribbean
Haiti,2016,4.028,0.34097,0.29561,0.27494,0.12072,0.47958,0.14476,136.0,Latin America and Caribbean
Haiti,2018,3.582,0.315,0.714,0.289,0.025,0.392,0.104,148.0,
Haiti,2019,3.597,0.323,0.688,0.449,0.026,0.419,0.11,147.0,
Honduras,2015,4.788,0.59532,0.95348,0.6951,0.40148,0.23027,0.06825,105.0,Latin America and Caribbean
Honduras,2016,4.871,0.69429,0.75596,0.58383,0.26755,0.2044,0.06906,104.0,Latin America and Caribbean
Honduras,2018,5.504,0.62,1.205,0.622,0.459,0.197,0.074,72.0,
Honduras,2019,5.86,0.642,1.236,0.828,0.507,0.246,0.078,59.0,
Hong Kong,2015,5.474,1.38604,1.05818,1.01328,0.59608,0.39478,0.37124,72.0,Eastern Asia
Hong Kong,2016,5.458,1.5107,0.87021,0.95277,0.48079,0.40097,0.31647,75.0,Eastern Asia
Hong Kong,2018,5.43,1.405,1.29,1.03,0.524,0.246,0.291,76.0,
Hong Kong,2019,5.43,1.438,1.277,1.122,0.44,0.258,0.287,76.0,
Hungary,2015,4.8,1.12094,1.20215,0.75905,0.32112,0.128,0.02758,104.0,Central and Eastern Europe
Hungary,2016,5.145,1.24142,0.93164,0.67608,0.1977,0.099,0.04472,91.0,Central and Eastern Europe
Hungary,2018,5.62,1.171,1.401,0.732,0.259,0.061,0.022,69.0,
Hungary,2019,5.758,1.201,1.41,0.828,0.199,0.081,0.02,62.0,
Iceland,2015,7.561,1.30232,1.40223,0.94784,0.62877,0.4363,0.14145,2.0,Western Europe
Iceland,2016,7.501,1.42666,1.18326,0.86733,0.56624,0.47678,0.14975,3.0,Western Europe
Iceland,2018,7.495,1.343,1.644,0.914,0.677,0.353,0.138,4.0,
Iceland,2019,7.494,1.38,1.624,1.026,0.591,0.354,0.118,4.0,
India,2015,4.565,0.64499,0.38174,0.51529,0.39786,0.26475,0.08492,117.0,Southern Asia
India,2016,4.404,0.74036,0.29247,0.45091,0.40285,0.25028,0.08722,118.0,Southern Asia
India,2018,4.19,0.721,0.747,0.485,0.539,0.172,0.093,133.0,
India,2019,4.015,0.755,0.765,0.588,0.498,0.2,0.085,140.0,
Indonesia,2015,5.399,0.82827,1.08708,0.63793,0.46611,0.51535,0.0,74.0,Southeastern Asia
Indonesia,2016,5.314,0.95104,0.87625,0.49374,0.39237,0.56521,0.00322,79.0,Southeastern Asia
Indonesia,2018,5.093,0.899,1.215,0.522,0.538,0.484,0.018,96.0,
Indonesia,2019,5.192,0.931,1.203,0.66,0.491,0.498,0.028,92.0,
Iran,2015,4.686,1.0088,0.54447,0.69805,0.30033,0.38086,0.05863,110.0,Middle East and Northern Africa
Iran,2016,4.813,1.11758,0.38857,0.64232,0.22544,0.38538,0.0557,105.0,Middle East and Northern Africa
Iran,2018,4.707,1.059,0.771,0.691,0.459,0.282,0.129,106.0,
Iran,2019,4.548,1.1,0.842,0.785,0.305,0.27,0.125,117.0,
Iraq,2015,4.677,0.98549,0.81889,0.60237,0.0,0.17922,0.13788,112.0,Middle East and Northern Africa
Iraq,2016,4.575,1.07474,0.59205,0.51076,0.24856,0.19589,0.13636,112.0,Middle East and Northern Africa
Iraq,2018,4.456,1.01,0.971,0.536,0.304,0.148,0.095,117.0,
Iraq,2019,4.437,1.043,0.98,0.574,0.241,0.148,0.089,126.0,
Ireland,2015,6.94,1.33596,1.36948,0.89533,0.61777,0.45901,0.28703,18.0,Western Europe
Ireland,2016,6.907,1.48341,1.16157,0.81455,0.54008,0.44963,0.29754,19.0,Western Europe
Ireland,2018,6.977,1.448,1.583,0.876,0.614,0.307,0.306,14.0,
Ireland,2019,7.021,1.499,1.553,0.999,0.516,0.298,0.31,16.0,
Israel,2015,7.278,1.22857,1.22393,0.91387,0.41319,0.33172,0.07785,11.0,Middle East and Northern Africa
Israel,2016,7.267,1.33766,0.99537,0.84917,0.36432,0.32288,0.08728,11.0,Middle East and Northern Africa
Israel,2018,6.814,1.301,1.559,0.883,0.533,0.354,0.272,19.0,
Israel,2019,7.139,1.276,1.455,1.029,0.371,0.261,0.082,13.0,
Italy,2015,5.948,1.25114,1.19777,0.95446,0.26236,0.22823,0.02901,50.0,Western Europe
Italy,2016,5.977,1.35495,1.04167,0.85102,0.18827,0.16684,0.02556,50.0,Western Europe
Italy,2018,6.0,1.264,1.501,0.946,0.281,0.137,0.028,47.0,
Italy,2019,6.223,1.294,1.488,1.039,0.231,0.158,0.03,36.0,
Ivory Coast,2015,3.655,0.46534,0.77115,0.15185,0.46866,0.20165,0.17922,151.0,Sub-Saharan Africa
Ivory Coast,2016,3.916,0.55507,0.57576,0.04476,0.40663,0.20338,0.1553,139.0,Sub-Saharan Africa
Ivory Coast,2018,4.671,0.541,0.872,0.08,0.467,0.146,0.103,107.0,
Ivory Coast,2019,4.944,0.569,0.808,0.232,0.352,0.154,0.09,99.0,
Jamaica,2015,5.709,0.81038,1.15102,0.68741,0.50442,0.2123,0.02299,65.0,Latin America and Caribbean
Jamaica,2016,5.51,0.89333,0.96372,0.59469,0.43597,0.22245,0.04294,73.0,Latin America and Caribbean
Jamaica,2018,5.89,0.819,1.493,0.693,0.575,0.096,0.031,56.0,
Jamaica,2019,5.89,0.831,1.478,0.831,0.49,0.107,0.028,56.0,
Japan,2015,5.987,1.27074,1.25712,0.99111,0.49615,0.10705,0.1806,46.0,Eastern Asia
Japan,2016,5.921,1.38007,1.06054,0.91491,0.46761,0.10224,0.18985,53.0,Eastern Asia
Japan,2018,5.915,1.294,1.462,0.988,0.553,0.079,0.15,54.0,
Japan,2019,5.886,1.327,1.419,1.088,0.445,0.069,0.14,58.0,
Jordan,2015,5.192,0.90198,1.05392,0.69639,0.40661,0.11053,0.14293,82.0,Middle East and Northern Africa
Jordan,2016,5.303,0.99673,0.86216,0.60712,0.36023,0.14262,0.13297,80.0,Middle East and Northern Africa
Jordan,2018,5.161,0.822,1.265,0.645,0.468,0.13,0.134,90.0,
Jordan,2019,4.906,0.837,1.225,0.815,0.383,0.11,0.13,101.0,
Kazakhstan,2015,5.855,1.12254,1.12241,0.64368,0.51649,0.11827,0.08454,54.0,Central and Eastern Europe
Kazakhstan,2016,5.919,1.22943,0.95544,0.57386,0.4052,0.15011,0.11132,54.0,Central and Eastern Europe
Kazakhstan,2018,5.79,1.143,1.516,0.631,0.454,0.148,0.121,60.0,
Kazakhstan,2019,5.809,1.173,1.508,0.729,0.41,0.146,0.096,60.0,
Kenya,2015,4.419,0.36471,0.99876,0.41435,0.42215,0.37542,0.05839,125.0,Sub-Saharan Africa
Kenya,2016,4.356,0.52267,0.7624,0.30147,0.40576,0.41328,0.06686,122.0,Sub-Saharan Africa
Kenya,2018,4.41,0.493,1.048,0.454,0.504,0.352,0.055,124.0,
Kenya,2019,4.509,0.512,0.983,0.581,0.431,0.372,0.053,121.0,
Kosovo,2015,5.589,0.80148,0.81198,0.63132,0.24749,0.2831,0.04741,69.0,Central and Eastern Europe
Kosovo,2016,5.401,0.90145,0.66062,0.54,0.14396,0.27992,0.06547,77.0,Central and Eastern Europe
Kosovo,2018,5.662,0.855,1.23,0.578,0.448,0.274,0.023,66.0,
Kosovo,2019,6.1,0.882,1.232,0.758,0.489,0.262,0.006,46.0,
Kuwait,2015,6.295,1.55422,1.16594,0.72492,0.55499,0.16228,0.25609,39.0,Middle East and Northern Africa
Kuwait,2016,6.239,1.61714,0.87758,0.63569,0.43166,0.15965,0.23669,41.0,Middle East and Northern Africa
Kuwait,2018,6.083,1.474,1.301,0.675,0.554,0.167,0.106,45.0,
Kuwait,2019,6.021,1.5,1.319,0.808,0.493,0.142,0.097,51.0,
Kyrgyzstan,2015,5.286,0.47428,1.15115,0.65088,0.43477,0.3003,0.04232,77.0,Central and Eastern Europe
Kyrgyzstan,2016,5.185,0.56044,0.95434,0.55449,0.40212,0.38432,0.04762,85.0,Central and Eastern Europe
Kyrgyzstan,2018,5.131,0.53,1.416,0.594,0.54,0.281,0.035,92.0,
Kyrgyzstan,2019,5.261,0.551,1.438,0.723,0.508,0.3,0.023,86.0,
Laos,2015,4.876,0.59066,0.73803,0.54909,0.59591,0.42192,0.24249,99.0,Southeastern Asia
Laos,2016,4.876,0.68042,0.5497,0.38291,0.52168,0.43079,0.22423,102.0,Southeastern Asia
Laos,2018,4.623,0.72,1.034,0.441,0.626,0.23,0.174,110.0,
Laos,2019,4.796,0.764,1.03,0.551,0.547,0.266,0.164,105.0,
Latvia,2015,5.098,1.11312,1.09562,0.72437,0.29671,0.18226,0.06332,89.0,Central and Eastern Europe
Latvia,2016,5.56,1.21788,0.95025,0.63952,0.27996,0.17445,0.0889,68.0,Central and Eastern Europe
Latvia,2018,5.933,1.148,1.454,0.671,0.363,0.092,0.066,53.0,
Latvia,2019,5.94,1.187,1.465,0.812,0.264,0.075,0.064,53.0,
Lebanon,2015,4.839,1.02564,0.80001,0.83947,0.33916,0.21854,0.04582,103.0,Middle East and Northern Africa
Lebanon,2016,5.129,1.12268,0.64184,0.76171,0.26228,0.23693,0.03061,93.0,Middle East and Northern Africa
Lebanon,2018,5.358,0.965,1.179,0.785,0.503,0.214,0.136,80.0,
Lebanon,2019,5.197,0.987,1.224,0.815,0.216,0.166,0.027,91.0,
Lesotho,2015,4.898,0.37545,1.04103,0.07612,0.31767,0.16388,0.12504,97.0,Sub-Saharan Africa
Lesotho,2018,3.808,0.472,1.215,0.079,0.423,0.116,0.112,141.0,
Lesotho,2019,3.802,0.489,1.169,0.168,0.359,0.107,0.093,144.0,
Liberia,2015,4.571,0.0712,0.78968,0.34201,0.28531,0.24362,0.06232,116.0,Sub-Saharan Africa
Liberia,2016,3.622,0.10706,0.50353,0.23165,0.25748,0.24063,0.04852,150.0,Sub-Saharan Africa
Liberia,2018,3.495,0.076,0.858,0.267,0.419,0.206,0.03,149.0,
Liberia,2019,3.975,0.073,0.922,0.443,0.37,0.233,0.033,141.0,
Libya,2015,5.754,1.13145,1.11862,0.7038,0.41668,0.18295,0.11023,63.0,Middle East and Northern Africa
Libya,2016,5.615,1.06688,0.95076,0.52304,0.40672,0.17087,0.10339,67.0,Middle East and Northern Africa
Libya,2018,5.566,0.985,1.35,0.553,0.496,0.116,0.148,70.0,
Libya,2019,5.525,1.044,1.303,0.673,0.416,0.133,0.152,72.0,
Lithuania,2015,5.833,1.14723,1.25745,0.73128,0.21342,0.02641,0.01031,56.0,Central and Eastern Europe
Lithuania,2016,5.813,1.2692,1.06411,0.64674,0.18929,0.02025,0.0182,60.0,Central and Eastern Europe
Lithuania,2018,5.952,1.197,1.527,0.716,0.35,0.026,0.006,50.0,
Lithuania,2019,6.149,1.238,1.515,0.818,0.291,0.043,0.042,42.0,
Luxembourg,2015,6.946,1.56391,1.21963,0.91894,0.61583,0.28034,0.37798,17.0,Western Europe
Luxembourg,2016,6.871,1.69752,1.03999,0.84542,0.5487,0.27571,0.35329,20.0,Western Europe
Luxembourg,2018,6.91,1.576,1.52,0.896,0.632,0.196,0.321,17.0,
Luxembourg,2019,7.09,1.609,1.479,1.012,0.526,0.194,0.316,14.0,
Madagascar,2015,3.681,0.20824,0.66801,0.46721,0.19184,0.21333,0.08124,147.0,Sub-Saharan Africa
Madagascar,2016,3.695,0.27954,0.46115,0.37109,0.13684,0.2204,0.07506,148.0,Sub-Saharan Africa
Madagascar,2018,3.774,0.262,0.908,0.402,0.221,0.155,0.049,143.0,
Madagascar,2019,3.933,0.274,0.916,0.555,0.148,0.169,0.041,143.0,
Malawi,2015,4.292,0.01604,0.41134,0.22562,0.43054,0.33128,0.06977,131.0,Sub-Saharan Africa
Malawi,2016,4.156,0.08709,0.147,0.29364,0.4143,0.30968,0.07564,132.0,Sub-Saharan Africa
Malawi,2018,3.587,0.186,0.541,0.306,0.531,0.21,0.08,147.0,
Malawi,2019,3.41,0.191,0.56,0.495,0.443,0.218,0.089,150.0,
Malaysia,2015,5.77,1.12486,1.07023,0.72394,0.53024,0.33075,0.10501,61.0,Southeastern Asia
Malaysia,2016,6.005,1.25142,0.88025,0.62366,0.39031,0.41474,0.09081,47.0,Southeastern Asia
Malaysia,2018,6.322,1.161,1.258,0.669,0.356,0.311,0.059,35.0,
Malaysia,2019,5.339,1.221,1.171,0.828,0.508,0.26,0.024,80.0,
Mali,2015,3.995,0.26074,1.03526,0.20583,0.38857,0.18798,0.12352,138.0,Sub-Saharan Africa
Mali,2016,4.073,0.31292,0.86333,0.16347,0.27544,0.21064,0.13647,135.0,Sub-Saharan Africa
Mali,2018,4.447,0.37,1.233,0.152,0.367,0.139,0.056,118.0,
Mali,2019,4.39,0.385,1.105,0.308,0.327,0.153,0.052,128.0,
Malta,2015,6.302,1.2074,1.30203,0.88721,0.60365,0.51752,0.13586,37.0,Western Europe
Malta,2016,6.488,1.30782,1.09879,0.80315,0.54994,0.56237,0.17554,30.0,Western Europe
Malta,2018,6.627,1.27,1.525,0.884,0.645,0.376,0.142,22.0,
Malta,2019,6.726,1.3,1.52,0.999,0.564,0.375,0.151,22.0,
Mauritania,2015,4.436,0.45407,0.86908,0.35874,0.24232,0.219,0.17461,124.0,Sub-Saharan Africa
Mauritania,2016,4.201,0.61391,0.84142,0.28639,0.1268,0.22686,0.17955,130.0,Sub-Saharan Africa
Mauritania,2018,4.356,0.557,1.245,0.292,0.129,0.134,0.093,126.0,
Mauritania,2019,4.49,0.57,1.167,0.489,0.066,0.106,0.088,122.0,
Mauritius,2015,5.477,1.00761,0.98521,0.7095,0.56066,0.37744,0.07521,71.0,Sub-Saharan Africa
Mauritius,2016,5.648,1.14372,0.75695,0.66189,0.46145,0.36951,0.05203,66.0,Sub-Saharan Africa
Mauritius,2018,5.891,1.09,1.387,0.684,0.584,0.245,0.05,55.0,
Mauritius,2019,5.888,1.12,1.402,0.798,0.498,0.215,0.06,57.0,
Mexico,2015,7.187,1.02054,0.91451,0.81444,0.48181,0.14074,0.21312,14.0,Latin America and Caribbean
Mexico,2016,6.778,1.11508,0.7146,0.71143,0.37709,0.11735,0.18355,21.0,Latin America and Caribbean
Mexico,2018,6.488,1.038,1.252,0.761,0.479,0.069,0.095,24.0,
Mexico,2019,6.595,1.07,1.323,0.861,0.433,0.074,0.073,23.0,
Moldova,2015,5.889,0.59448,1.01528,0.61826,0.32818,0.20951,0.01615,52.0,Central and Eastern Europe
Moldova,2016,5.897,0.69177,0.83132,0.52309,0.25202,0.19997,0.01903,55.0,Central and Eastern Europe
Moldova,2018,5.64,0.657,1.301,0.62,0.232,0.171,0.0,67.0,
Moldova,2019,5.529,0.685,1.328,0.739,0.245,0.181,0.0,71.0,
Mongolia,2015,4.874,0.82819,1.3006,0.60268,0.43626,0.3323,0.02666,100.0,Eastern Asia
Mongolia,2016,4.907,0.98853,1.08983,0.55469,0.35972,0.34539,0.03285,101.0,Eastern Asia
Mongolia,2018,5.125,0.914,1.517,0.575,0.395,0.253,0.032,94.0,
Mongolia,2019,5.285,0.948,1.531,0.667,0.317,0.235,0.038,83.0,
Montenegro,2015,5.192,0.97438,0.90557,0.72521,0.1826,0.1614,0.14296,82.0,Central and Eastern Europe
Montenegro,2016,5.161,1.07838,0.74173,0.63533,0.15111,0.17191,0.12721,88.0,Central and Eastern Europe
Montenegro,2018,5.347,1.017,1.279,0.729,0.259,0.111,0.081,81.0,
Montenegro,2019,5.523,1.051,1.361,0.871,0.197,0.142,0.08,73.0,
Morocco,2015,5.013,0.73479,0.64095,0.60954,0.41691,0.07172,0.08546,92.0,Middle East and Northern Africa
Morocco,2016,5.151,0.84058,0.38595,0.59471,0.25646,0.04053,0.08404,90.0,Middle East and Northern Africa
Morocco,2018,5.254,0.779,0.797,0.669,0.46,0.026,0.074,85.0,
Morocco,2019,5.208,0.801,0.782,0.782,0.418,0.036,0.076,89.0,
Mozambique,2015,4.971,0.08308,1.02626,0.09131,0.34037,0.22269,0.15603,94.0,Sub-Saharan Africa
Mozambique,2018,4.417,0.198,0.902,0.173,0.531,0.206,0.158,123.0,
Mozambique,2019,4.466,0.204,0.986,0.39,0.494,0.197,0.138,123.0,
Myanmar,2018,4.308,0.682,1.174,0.429,0.58,0.598,0.178,130.0,
Myanmar,2019,4.36,0.71,1.181,0.555,0.525,0.566,0.172,131.0,
Namibia,2016,4.574,0.93287,0.70362,0.34745,0.48614,0.07795,0.10398,113.0,Sub-Saharan Africa
Namibia,2018,4.441,0.874,1.281,0.365,0.519,0.051,0.064,119.0,
Namibia,2019,4.639,0.879,1.313,0.477,0.401,0.07,0.056,113.0,
Nepal,2015,4.514,0.35997,0.86449,0.56874,0.38282,0.32296,0.05907,121.0,Southern Asia
Nepal,2016,4.793,0.44626,0.69699,0.50073,0.37012,0.3816,0.07008,107.0,Southern Asia
Nepal,2018,4.88,0.425,1.228,0.539,0.526,0.302,0.078,101.0,
Nepal,2019,4.913,0.446,1.226,0.677,0.439,0.285,0.089,100.0,
Netherlands,2015,7.378,1.32944,1.28017,0.89284,0.61576,0.4761,0.31814,7.0,Western Europe
Netherlands,2016,7.339,1.46468,1.02912,0.81231,0.55211,0.47416,0.29927,7.0,Western Europe
Netherlands,2018,7.441,1.361,1.488,0.878,0.638,0.333,0.295,6.0,
Netherlands,2019,7.488,1.396,1.522,0.999,0.557,0.322,0.298,5.0,
New Zealand,2015,7.286,1.25018,1.31967,0.90837,0.63938,0.47501,0.42922,9.0,Australia and New Zealand
New Zealand,2016,7.334,1.36066,1.17278,0.83096,0.58147,0.49401,0.41904,8.0,Australia and New Zealand
New Zealand,2018,7.324,1.268,1.601,0.876,0.669,0.365,0.389,8.0,
New Zealand,2019,7.307,1.303,1.557,1.026,0.585,0.33,0.38,8.0,
Nicaragua,2015,5.828,0.59325,1.14184,0.74314,0.55475,0.27815,0.19317,57.0,Latin America and Caribbean
Nicaragua,2016,5.992,0.69384,0.89521,0.65213,0.46582,0.29773,0.16292,48.0,Latin America and Caribbean
Nicaragua,2018,6.141,0.668,1.319,0.7,0.527,0.208,0.128,41.0,
Nicaragua,2019,6.105,0.694,1.325,0.835,0.435,0.2,0.127,45.0,
Niger,2015,3.845,0.0694,0.77265,0.29707,0.47692,0.19387,0.15639,144.0,Sub-Saharan Africa
Niger,2016,3.856,0.1327,0.6053,0.26162,0.38041,0.2097,0.17176,142.0,Sub-Saharan Africa
Niger,2018,4.166,0.131,0.867,0.221,0.39,0.175,0.099,134.0,
Niger,2019,4.628,0.138,0.774,0.366,0.318,0.188,0.102,114.0,
Nigeria,2015,5.268,0.65435,0.90432,0.16007,0.34334,0.27233,0.0403,78.0,Sub-Saharan Africa
Nigeria,2016,4.875,0.75216,0.64498,0.05108,0.27854,0.23219,0.0305,103.0,Sub-Saharan Africa
Nigeria,2018,5.155,0.689,1.172,0.048,0.462,0.201,0.032,91.0,
Nigeria,2019,5.265,0.696,1.111,0.245,0.426,0.215,0.041,85.0,
North Cyprus,2015,5.695,1.20806,1.07008,0.92356,0.49027,0.26169,0.1428,66.0,Western Europe
North Cyprus,2016,5.771,1.31141,0.81826,0.84142,0.43596,0.26322,0.16578,62.0,Western Europe
North Macedonia,2015,5.007,0.91851,1.00232,0.73545,0.33457,0.22359,0.05327,93.0,Central and Eastern Europe
North Macedonia,2016,5.121,1.0193,0.78236,0.64738,0.27668,0.23507,0.07047,95.0,Central and Eastern Europe
North Macedonia,2018,5.185,0.959,1.239,0.691,0.394,0.173,0.052,89.0,
North Macedonia,2019,5.274,0.983,1.294,0.838,0.345,0.185,0.034,84.0,
Northern Cyprus,2018,5.835,1.229,1.211,0.909,0.495,0.179,0.154,58.0,
Northern Cyprus,2019,5.718,1.263,1.252,1.042,0.417,0.191,0.162,64.0,
Norway,2015,7.522,1.459,1.33095,0.88521,0.66973,0.34699,0.36503,4.0,Western Europe
Norway,2016,7.498,1.57744,1.1269,0.79579,0.59609,0.37895,0.35776,4.0,Western Europe
Norway,2018,7.594,1.456,1.582,0.861,0.686,0.286,0.34,2.0,
Norway,2019,7.554,1.488,1.582,1.028,0.603,0.271,0.341,3.0,
Oman,2015,6.853,1.36011,1.08182,0.76276,0.63274,0.21542,0.32524,22.0,Middle East and Northern Africa
Pakistan,2015,5.194,0.59543,0.41411,0.51466,0.12102,0.33671,0.10464,81.0,Southern Asia
Pakistan,2016,5.132,0.68816,0.26135,0.40306,0.14622,0.31185,0.1388,92.0,Southern Asia
Pakistan,2018,5.472,0.652,0.81,0.424,0.334,0.216,0.113,75.0,
Pakistan,2019,5.653,0.677,0.886,0.535,0.313,0.22,0.098,67.0,
Palestinian Territories,2015,4.715,0.59867,0.92558,0.66015,0.24499,0.11251,0.12905,108.0,Middle East and Northern Africa
Palestinian Territories,2016,4.754,0.67024,0.71629,0.56844,0.17744,0.11154,0.10613,108.0,Middle East and Northern Africa
Palestinian Territories,2018,4.743,0.642,1.217,0.602,0.266,0.086,0.076,104.0,
Palestinian Territories,2019,4.696,0.657,1.247,0.672,0.225,0.103,0.066,110.0,
Panama,2015,6.786,1.06353,1.1985,0.79661,0.5421,0.24434,0.0927,25.0,Latin America and Caribbean
Panama,2016,6.701,1.18306,0.98912,0.70835,0.48927,0.2418,0.08423,25.0,Latin America and Caribbean
Panama,2018,6.43,1.112,1.438,0.759,0.597,0.125,0.063,27.0,
Panama,2019,6.321,1.149,1.442,0.91,0.516,0.109,0.054,31.0,
Paraguay,2015,5.878,0.75985,1.30477,0.66098,0.53899,0.3424,0.08242,53.0,Latin America and Caribbean
Paraguay,2016,5.538,0.89373,1.11111,0.58295,0.46235,0.25296,0.07396,70.0,Latin America and Caribbean
Paraguay,2018,5.681,0.835,1.522,0.615,0.541,0.162,0.074,64.0,
Paraguay,2019,5.743,0.855,1.475,0.777,0.514,0.184,0.08,63.0,
Peru,2015,5.824,0.90019,0.97459,0.73017,0.41496,0.14982,0.05989,58.0,Latin America and Caribbean
Peru,2016,5.743,0.99602,0.81255,0.62994,0.37502,0.14527,0.05292,64.0,Latin America and Caribbean
Peru,2018,5.663,0.934,1.249,0.674,0.53,0.092,0.034,65.0,
Peru,2019,5.697,0.96,1.274,0.854,0.455,0.083,0.027,65.0,
Philippines,2015,5.073,0.70532,1.03516,0.58114,0.62545,0.24991,0.12279,90.0,Southeastern Asia
Philippines,2016,5.279,0.81217,0.87877,0.47036,0.54854,0.21674,0.11757,82.0,Southeastern Asia
Philippines,2018,5.524,0.775,1.312,0.513,0.643,0.12,0.105,71.0,
Philippines,2019,5.631,0.807,1.293,0.657,0.558,0.117,0.107,69.0,
Poland,2015,5.791,1.12555,1.27948,0.77903,0.53122,0.16759,0.04212,60.0,Central and Eastern Europe
Poland,2016,5.835,1.24585,1.04685,0.69058,0.4519,0.14443,0.055,57.0,Central and Eastern Europe
Poland,2018,6.123,1.176,1.448,0.781,0.546,0.108,0.064,42.0,
Poland,2019,6.182,1.206,1.438,0.884,0.483,0.117,0.05,40.0,
Portugal,2015,5.102,1.15991,1.13935,0.87519,0.51469,0.13719,0.01078,88.0,Western Europe
Portugal,2016,5.123,1.27607,0.94367,0.79363,0.44727,0.11691,0.01521,94.0,Western Europe
Portugal,2018,5.41,1.188,1.429,0.884,0.562,0.055,0.017,77.0,
Portugal,2019,5.693,1.221,1.431,0.999,0.508,0.047,0.025,66.0,
Puerto Rico,2016,7.039,1.35943,1.08113,0.77758,0.46823,0.22202,0.12275,15.0,Latin America and Caribbean
Qatar,2018,6.374,1.649,1.303,0.748,0.654,0.256,0.171,32.0,
Qatar,2019,6.374,1.684,1.313,0.871,0.555,0.22,0.167,29.0,
Romania,2015,5.124,1.04345,0.88588,0.7689,0.35068,0.13748,0.00649,86.0,Central and Eastern Europe
Romania,2016,5.528,1.1697,0.72803,0.67602,0.36712,0.12889,0.00679,71.0,Central and Eastern Europe
Romania,2018,5.945,1.116,1.219,0.726,0.528,0.088,0.001,52.0,
Romania,2019,6.07,1.162,1.232,0.825,0.462,0.083,0.005,48.0,
Russia,2015,5.716,1.13764,1.23617,0.66926,0.36679,0.00199,0.03005,64.0,Central and Eastern Europe
Russia,2016,5.856,1.23228,1.05261,0.58991,0.32682,0.02736,0.03586,56.0,Central and Eastern Europe
Russia,2018,5.81,1.151,1.479,0.599,0.399,0.065,0.025,59.0,
Russia,2019,5.648,1.183,1.452,0.726,0.334,0.082,0.031,68.0,
Rwanda,2018,3.408,0.332,0.896,0.4,0.636,0.2,0.444,151.0,
Rwanda,2019,3.334,0.359,0.711,0.614,0.555,0.217,0.411,152.0,
Saudi Arabia,2015,6.411,1.39541,1.08393,0.72025,0.31048,0.13706,0.32524,35.0,Middle East and Northern Africa
Saudi Arabia,2016,6.379,1.48953,0.84829,0.59267,0.37904,0.15457,0.30008,34.0,Middle East and Northern Africa
Saudi Arabia,2018,6.371,1.379,1.331,0.633,0.509,0.098,0.127,33.0,
Saudi Arabia,2019,6.375,1.403,1.357,0.795,0.439,0.08,0.132,28.0,
Senegal,2015,3.904,0.36498,0.97619,0.4354,0.36772,0.20843,0.10713,142.0,Sub-Saharan Africa
Senegal,2016,4.219,0.44314,0.77416,0.40457,0.31056,0.19103,0.11681,128.0,Sub-Saharan Africa
Senegal,2018,4.631,0.429,1.117,0.433,0.406,0.138,0.082,109.0,
Senegal,2019,4.681,0.45,1.134,0.571,0.292,0.153,0.072,111.0,
Serbia,2015,5.123,0.92053,1.00964,0.74836,0.20107,0.19231,0.02617,87.0,Central and Eastern Europe
Serbia,2016,5.177,1.03437,0.81329,0.6458,0.15718,0.20737,0.04339,86.0,Central and Eastern Europe
Serbia,2018,5.398,0.975,1.369,0.685,0.288,0.134,0.043,78.0,
Serbia,2019,5.603,1.004,1.383,0.854,0.282,0.137,0.039,70.0,
Sierra Leone,2015,4.507,0.33024,0.95571,0.0,0.4084,0.21488,0.08786,123.0,Sub-Saharan Africa
Sierra Leone,2016,4.635,0.36485,0.628,0.0,0.30685,0.23897,0.08196,111.0,Sub-Saharan Africa
Sierra Leone,2018,4.571,0.256,0.813,0.0,0.355,0.238,0.053,113.0,
Sierra Leone,2019,4.374,0.268,0.841,0.242,0.309,0.252,0.045,129.0,
Singapore,2018,6.343,1.529,1.451,1.008,0.631,0.261,0.457,34.0,
Singapore,2019,6.262,1.572,1.463,1.141,0.556,0.271,0.453,34.0,
Slovakia,2015,5.995,1.16891,1.26999,0.78902,0.31751,0.16893,0.03431,45.0,Central and Eastern Europe
Slovakia,2016,6.078,1.27973,1.08268,0.70367,0.23391,0.13837,0.02947,45.0,Central and Eastern Europe
Slovakia,2018,6.173,1.21,1.537,0.776,0.354,0.118,0.014,39.0,
Slovakia,2019,6.198,1.246,1.504,0.881,0.334,0.121,0.014,38.0,
Slovenia,2015,5.848,1.18498,1.27385,0.87337,0.60855,0.25328,0.03787,55.0,Central and Eastern Europe
Slovenia,2016,5.768,1.29947,1.05613,0.79151,0.53164,0.25738,0.03635,63.0,Central and Eastern Europe
Slovenia,2018,5.948,1.219,1.506,0.856,0.633,0.16,0.051,51.0,
Slovenia,2019,6.118,1.258,1.523,0.953,0.564,0.144,0.057,44.0,
Somalia,2016,5.44,0.0,0.33613,0.11466,0.56778,0.27225,0.3118,76.0,Sub-Saharan Africa
Somalia,2018,4.982,0.0,0.712,0.115,0.674,0.238,0.282,98.0,
Somalia,2019,4.668,0.0,0.698,0.268,0.559,0.243,0.27,112.0,
Somaliland Region,2016,5.057,0.25558,0.75862,0.33108,0.3913,0.51479,0.36794,97.0,Sub-Saharan Africa
Somaliland region,2015,5.057,0.18847,0.95152,0.43873,0.46582,0.50318,0.39928,91.0,Sub-Saharan Africa
South Africa,2015,4.642,0.92049,1.18468,0.27688,0.33207,0.11973,0.08884,113.0,Sub-Saharan Africa
South Africa,2016,4.459,1.02416,0.96053,0.18611,0.42483,0.13656,0.08415,116.0,Sub-Saharan Africa
South Africa,2018,4.724,0.94,1.41,0.33,0.516,0.103,0.056,105.0,
South Africa,2019,4.722,0.96,1.351,0.469,0.389,0.13,0.055,106.0,
South Korea,2015,5.984,1.24461,0.95774,0.96538,0.33208,0.18557,0.07857,47.0,Eastern Asia
South Korea,2016,5.835,1.35948,0.72194,0.88645,0.25168,0.18824,0.07716,57.0,Eastern Asia
South Korea,2018,5.875,1.266,1.204,0.955,0.244,0.175,0.051,57.0,
South Korea,2019,5.895,1.301,1.219,1.036,0.159,0.175,0.056,54.0,
South Sudan,2016,3.832,0.39394,0.18519,0.15781,0.19662,0.25899,0.13015,143.0,Sub-Saharan Africa
South Sudan,2018,3.254,0.337,0.608,0.177,0.112,0.224,0.106,154.0,
South Sudan,2019,2.853,0.306,0.575,0.295,0.01,0.202,0.091,156.0,
Spain,2015,6.329,1.23011,1.31379,0.95562,0.45951,0.18227,0.06398,36.0,Western Europe
Spain,2016,6.361,1.34253,1.12945,0.87896,0.37545,0.17665,0.06137,37.0,Western Europe
Spain,2018,6.31,1.251,1.538,0.965,0.449,0.142,0.074,36.0,
Spain,2019,6.354,1.286,1.484,1.062,0.362,0.153,0.079,30.0,
Sri Lanka,2015,4.271,0.83524,1.01905,0.70806,0.53726,0.40828,0.09179,132.0,Southern Asia
Sri Lanka,2016,4.415,0.97318,0.84783,0.62007,0.50817,0.46978,0.07964,117.0,Southern Asia
Sri Lanka,2018,4.471,0.918,1.314,0.672,0.585,0.307,0.05,116.0,
Sri Lanka,2019,4.366,0.949,1.265,0.831,0.47,0.244,0.047,130.0,
Sudan,2015,4.55,0.52107,1.01404,0.36878,0.10081,0.19062,0.1466,118.0,Sub-Saharan Africa
Sudan,2016,4.139,0.63069,0.81928,0.29759,0.0,0.18077,0.10039,133.0,Sub-Saharan Africa
Sudan,2018,4.139,0.605,1.24,0.312,0.016,0.134,0.082,137.0,
Suriname,2015,6.269,0.99534,0.972,0.6082,0.59657,0.16991,0.13633,40.0,Latin America and Caribbean
Suriname,2016,6.269,1.09686,0.77866,0.50933,0.52234,0.16665,0.12692,40.0,Latin America and Caribbean
Sweden,2015,7.364,1.33171,1.28907,0.91087,0.6598,0.36262,0.43844,8.0,Western Europe
Sweden,2016,7.291,1.45181,1.08764,0.83121,0.58218,0.38254,0.40867,10.0,Western Europe
Sweden,2018,7.314,1.355,1.501,0.913,0.659,0.285,0.383,9.0,
Sweden,2019,7.343,1.387,1.487,1.009,0.574,0.267,0.373,7.0,
Switzerland,2015,7.587,1.39651,1.34951,0.94143,0.66557,0.29678,0.41978,1.0,Western Europe
Switzerland,2016,7.509,1.52733,1.14524,0.86303,0.58557,0.28083,0.41203,2.0,Western Europe
Switzerland,2018,7.487,1.42,1.549,0.927,0.66,0.256,0.357,5.0,
Switzerland,2019,7.48,1.452,1.526,1.052,0.572,0.263,0.343,6.0,
Syria,2015,3.006,0.6632,0.47489,0.72193,0.15684,0.47179,0.18906,156.0,Middle East and Northern Africa
Syria,2016,3.069,0.74719,0.14866,0.62994,0.06912,0.48397,0.17233,156.0,Middle East and Northern Africa
Syria,2018,3.462,0.689,0.382,0.539,0.088,0.376,0.144,150.0,
Syria,2019,3.462,0.619,0.378,0.44,0.013,0.331,0.141,149.0,
Taiwan,2015,6.298,1.29098,1.07617,0.8753,0.3974,0.25376,0.08129,38.0,Eastern Asia
Taiwan,2016,6.379,1.39729,0.92624,0.79565,0.32377,0.25495,0.0663,34.0,Eastern Asia
Taiwan,2018,6.441,1.365,1.436,0.857,0.418,0.151,0.078,26.0,
Taiwan,2019,6.446,1.368,1.43,0.914,0.351,0.242,0.097,25.0,
Tajikistan,2015,4.786,0.39047,0.85563,0.57379,0.47216,0.22974,0.15072,106.0,Central and Eastern Europe
Tajikistan,2016,4.996,0.48835,0.75602,0.53119,0.43408,0.25998,0.13509,100.0,Central and Eastern Europe
Tajikistan,2018,5.199,0.474,1.166,0.598,0.292,0.187,0.034,88.0,
Tajikistan,2019,5.467,0.493,1.098,0.718,0.389,0.23,0.144,74.0,
Tanzania,2015,3.781,0.2852,1.00268,0.38215,0.32878,0.34377,0.05747,146.0,Sub-Saharan Africa
Tanzania,2016,3.666,0.47155,0.77623,0.357,0.3176,0.31472,0.05099,149.0,Sub-Saharan Africa
Tanzania,2018,3.303,0.455,0.991,0.381,0.481,0.27,0.097,153.0,
Tanzania,2019,3.231,0.476,0.885,0.499,0.417,0.276,0.147,153.0,
Thailand,2015,6.455,0.9669,1.26504,0.7385,0.55664,0.5763,0.03187,34.0,Southeastern Asia
Thailand,2016,6.474,1.0893,1.04477,0.64915,0.49553,0.58696,0.02833,33.0,Southeastern Asia
Thailand,2018,6.072,1.016,1.417,0.707,0.637,0.364,0.029,46.0,
Thailand,2019,6.008,1.05,1.409,0.828,0.557,0.359,0.028,52.0,
Togo,2015,2.839,0.20868,0.13995,0.28443,0.36453,0.16681,0.10731,158.0,Sub-Saharan Africa
Togo,2016,3.303,0.28123,0.0,0.24811,0.34678,0.17517,0.11587,155.0,Sub-Saharan Africa
Togo,2018,3.999,0.259,0.474,0.253,0.434,0.158,0.101,139.0,
Togo,2019,4.085,0.275,0.572,0.41,0.293,0.177,0.085,139.0,
Trinidad & Tobago,2018,6.192,1.223,1.492,0.564,0.575,0.171,0.019,38.0,
Trinidad & Tobago,2019,6.192,1.231,1.477,0.713,0.489,0.185,0.016,39.0,
Trinidad and Tobago,2015,6.168,1.21183,1.18354,0.61483,0.55884,0.31844,0.0114,41.0,Latin America and Caribbean
Trinidad and Tobago,2016,6.168,1.32572,0.98569,0.52608,0.48453,0.31935,0.01241,43.0,Latin America and Caribbean
Tunisia,2015,4.739,0.88113,0.60429,0.73793,0.26268,0.06431,0.06358,107.0,Middle East and Northern Africa
Tunisia,2016,5.045,0.97724,0.43165,0.59577,0.23553,0.03936,0.0817,98.0,Middle East and Northern Africa
Tunisia,2018,4.592,0.9,0.906,0.69,0.271,0.04,0.063,111.0,
Tunisia,2019,4.461,0.921,1.0,0.815,0.167,0.059,0.055,124.0,
Turkey,2015,5.332,1.06098,0.94632,0.73172,0.22815,0.12253,0.15746,76.0,Middle East and Northern Africa
Turkey,2016,5.389,1.16492,0.87717,0.64718,0.23889,0.04707,0.12348,78.0,Middle East and Northern Africa
Turkey,2018,5.483,1.148,1.38,0.686,0.324,0.106,0.109,74.0,
Turkey,2019,5.373,1.183,1.36,0.808,0.195,0.083,0.106,79.0,
Turkmenistan,2015,5.548,0.95847,1.22668,0.53886,0.4761,0.16979,0.30844,70.0,Central and Eastern Europe
Turkmenistan,2016,5.658,1.08017,1.03817,0.44006,0.37408,0.22567,0.28467,65.0,Central and Eastern Europe
Turkmenistan,2018,5.636,1.016,1.533,0.517,0.417,0.199,0.037,68.0,
Turkmenistan,2019,5.247,1.052,1.538,0.657,0.394,0.244,0.028,87.0,
Uganda,2015,3.931,0.21102,1.13299,0.33861,0.45727,0.29066,0.07267,141.0,Sub-Saharan Africa
Uganda,2016,3.739,0.34719,0.90981,0.19625,0.43653,0.27102,0.06442,145.0,Sub-Saharan Africa
Uganda,2018,4.161,0.322,1.09,0.237,0.45,0.259,0.061,135.0,
Uganda,2019,4.189,0.332,1.069,0.443,0.356,0.252,0.06,136.0,
Ukraine,2015,4.681,0.79907,1.20278,0.6739,0.25123,0.15275,0.02961,111.0,Central and Eastern Europe
Ukraine,2016,4.324,0.87287,1.01413,0.58628,0.12859,0.20363,0.01829,123.0,Central and Eastern Europe
Ukraine,2018,4.103,0.793,1.413,0.609,0.163,0.187,0.011,138.0,
Ukraine,2019,4.332,0.82,1.39,0.739,0.178,0.187,0.01,133.0,
United Arab Emirates,2015,6.901,1.42727,1.12575,0.80925,0.64157,0.26428,0.38583,20.0,Middle East and Northern Africa
United Arab Emirates,2016,6.573,1.57352,0.87114,0.72993,0.56215,0.26591,0.35561,28.0,Middle East and Northern Africa
United Arab Emirates,2019,6.825,1.503,1.31,0.825,0.598,0.262,0.182,21.0,
United Kingdom,2015,6.867,1.26637,1.28548,0.90943,0.59625,0.51912,0.32067,21.0,Western Europe
United Kingdom,2016,6.725,1.40283,1.08672,0.80991,0.50036,0.50156,0.27399,23.0,Western Europe
United Kingdom,2018,7.19,1.244,1.433,0.888,0.464,0.262,0.082,11.0,
United Kingdom,2019,7.054,1.333,1.538,0.996,0.45,0.348,0.278,15.0,
United States,2015,7.119,1.39451,1.24711,0.86179,0.54604,0.40105,0.1589,15.0,North America
United States,2016,7.104,1.50796,1.04782,0.779,0.48163,0.41077,0.14868,13.0,North America
United States,2018,6.886,1.398,1.471,0.819,0.547,0.291,0.133,18.0,
United States,2019,6.892,1.433,1.457,0.874,0.454,0.28,0.128,19.0,
Uruguay,2015,6.485,1.06166,1.2089,0.8116,0.60362,0.2324,0.24558,32.0,Latin America and Caribbean
Uruguay,2016,6.545,1.18157,1.03143,0.72183,0.54388,0.18056,0.21394,29.0,Latin America and Caribbean
Uruguay,2018,6.379,1.093,1.459,0.771,0.625,0.13,0.155,31.0,
Uruguay,2019,6.293,1.124,1.465,0.891,0.523,0.127,0.15,33.0,
Uzbekistan,2015,6.003,0.63244,1.34043,0.59772,0.65821,0.22837,0.30826,44.0,Central and Eastern Europe
Uzbekistan,2016,5.987,0.73591,1.1681,0.50163,0.60848,0.34326,0.28333,49.0,Central and Eastern Europe
Uzbekistan,2018,6.096,0.719,1.584,0.605,0.724,0.328,0.259,44.0,
Uzbekistan,2019,6.174,0.745,1.529,0.756,0.631,0.322,0.24,41.0,
Venezuela,2015,6.81,1.04424,1.25596,0.72052,0.42908,0.05841,0.11069,23.0,Latin America and Caribbean
Venezuela,2016,6.084,1.13367,1.03302,0.61904,0.19847,0.0425,0.08304,44.0,Latin America and Caribbean
Venezuela,2018,4.806,0.996,1.469,0.657,0.133,0.056,0.052,102.0,
Venezuela,2019,4.707,0.96,1.427,0.805,0.154,0.064,0.047,108.0,
Vietnam,2015,5.36,0.63216,0.91226,0.74676,0.59444,0.1686,0.10441,75.0,Southeastern Asia
Vietnam,2016,5.061,0.74037,0.79117,0.66157,0.55954,0.25075,0.11556,96.0,Southeastern Asia
Vietnam,2018,5.103,0.715,1.365,0.702,0.618,0.177,0.079,95.0,
Vietnam,2019,5.175,0.741,1.346,0.851,0.543,0.147,0.073,94.0,
Yemen,2015,4.077,0.54649,0.68093,0.40064,0.35571,0.09131,0.07854,136.0,Middle East and Northern Africa
Yemen,2016,3.724,0.57939,0.47493,0.31048,0.2287,0.09821,0.05892,147.0,Middle East and Northern Africa
Yemen,2018,3.355,0.442,1.073,0.343,0.244,0.083,0.064,152.0,
Yemen,2019,3.38,0.287,1.163,0.463,0.143,0.108,0.077,151.0,
Zambia,2015,5.129,0.47038,0.91612,0.29924,0.48827,0.19591,0.12468,85.0,Sub-Saharan Africa
Zambia,2016,4.795,0.61202,0.6376,0.23573,0.42662,0.17866,0.11479,106.0,Sub-Saharan Africa
Zambia,2018,4.377,0.562,1.047,0.295,0.503,0.221,0.082,125.0,
Zambia,2019,4.107,0.578,1.058,0.426,0.431,0.247,0.087,138.0,
Zimbabwe,2015,4.61,0.271,1.03276,0.33475,0.25861,0.18987,0.08079,115.0,Sub-Saharan Africa
Zimbabwe,2016,4.193,0.35041,0.71478,0.1595,0.25429,0.18503,0.08582,131.0,Sub-Saharan Africa
Zimbabwe,2018,3.692,0.357,1.094,0.248,0.406,0.132,0.099,144.0,
Zimbabwe,2019,3.663,0.366,1.114,0.433,0.361,0.151,0.089,146.0,
